First Name,Last Name,Phone 1
Sheryl,Baxter,229.077.5154
Preston,Lozano,5153435776
Roy,Berry,+1-539-402-0259
Linda,Olsen,001-808-617-6467x12895
Joanna,Bender,001-234-203-0635x76146
Aimee,Downs,(283)437-3886x88321
Darren,Peck,(496)452-6181x3291
Brett,Mullen,001-583-352-7197x297
Sheryl,Meyers,854-138-4911x5772
Michelle,Gallagher,739.218.2516x459
Carl,Schroeder,637-854-0256x825
Jenna,Dodson,(041)737-3846
Tracey,Mata,001-949-844-8787
Kristine,Cox,786-284-3358x62152
Faith,Lutz,(781)861-7180x8306
Miranda,Beasley,540.085.3135x185
Caroline,Foley,936.222.4746x9924
Greg,Mata,(701)087-2415
Clifford,Jacobson,001-151-330-3524x0469
Joanna,Kirk,(266)131-7001x711
Maxwell,Frye,423.262.3059
Kiara,Houston,001-274-040-3582x10611
Colleen,Howard,1935085151
Janet,Valenzuela,354.259.5062x7538
Shane,Wilcox,(429)005-9030x11004
Marcus,Moody,674-677-8623
Dakota,Poole,(371)987-8576x4720
Frederick,Harper,+1-077-121-1558x0687
Stefanie,Fitzpatrick,(752)776-3286
Kent,Bradshaw,+1-472-143-5037x884
Jack,Tate,965-108-4406x20714
Tom,Trujillo,416-338-3758
Gabriel,Mejia,4077245425
Kaitlyn,Santana,6303643286
Faith,Moon,+1-586-217-0359x6317
Tammie,Haley,001-276-734-4113x6087
Nicholas,Sosa,(661)425-6042
Jordan,Gay,7208417020
Bruce,Esparza,559-529-4424
Sherry,Garza,001-067-713-6440x158
Natalie,Gentry,830.996.8238
Bryan,Dunn,001-710-802-5565
Wayne,Simpson,(344)156-8632x1869
Luis,Greer,001-336-025-6849x701
Rhonda,Frost,(127)081-9339
Joanne,Montes,(897)726-7952
Geoffrey,Guzman,975.235.8921x269
Gloria,Mccall,445-603-6729
Brady,Cohen,741.849.0139x524
Latoya,Mccann,(530)287-4548x29481
Gerald,Hawkins,+1-323-239-1456x96168
Samuel,Crawford,802-242-7457
Patricia,Goodwin,322.549.7139x70040
Stacie,Richard,001-622-948-3641x24810
Robin,West,698.303.4267
Ralph,Haas,2239271999
Phyllis,Maldonado,4500370767
Danny,Parrish,(669)384-8597x8794
Kathy,Hill,001-171-716-2175x310
Kelli,Hardy,020.324.2191x2022
Lynn,Pham,846.468.6834x611
Shelley,Harris,423.098.0315x8373
Eddie,Jimenez,+1-235-657-1073x6306
Chloe,Hutchinson,981-544-9452
Eileen,Lynch,+1-158-951-4131x53578
Fernando,Lambert,497.829.9038
Makayla,Cannon,001-215-801-6392x46009
Tom,Alvarado,(585)606-2980x2258
Virginia,Dudley,027.846.3705x14184
Riley,Good,6977745822
Alexandria,Buck,078-900-4760x76668
Richard,Roth,581-440-6539
Candice,Keller,001-927-965-8550x92406
Anita,Benson,874.617.5668x69878
Regina,Stein,001-469-848-0724x4407
Debra,Riddle,+1-768-182-6014x14336
Brittany,Zuniga,(050)136-9025
Cassidy,Mcmahon,5040771311
Laurie,Pennington,007.155.3406x553
Alejandro,Blair,(690)068-4641x51468
Leslie,Jennings,629.198.6346
Kathleen,Mckay,(733)910-9968
Hunter,Moreno,(733)833-6754
Chad,Davidson,8275702958
Corey,Holt,001-439-242-4986x7918
Emma,Cunningham,128-059-0206x60217
Duane,Woods,(636)544-7783x7288
Alison,Vargas,365-273-8144
Vernon,Kane,114-854-1159x555
Lori,Flowers,679.415.1210
Nina,Chavez,053-344-3205
Shane,Foley,+1-822-569-0302
Collin,Ayers,404-645-5351x012
Sherry,Young,158-687-1764
Darrell,Douglas,001-084-845-9524x1777
Karl,Greer,(188)169-1674x58692
Lynn,Atkinson,+1-846-706-2218
Fred,Guerra,+1-753-067-8419x7170
Yvonne,Farmer,(530)311-9786
Clarence,Haynes,(753)813-6941
